"Path","Platform","Compiled","Cooked","Permutations","Compiletime","CompiledDouble","CookedDouble"
"/Engine/EngineMaterials/Widget3DPassThrough.Widget3DPassThrough","0","81","86","6","36.039154","0","0"
"Globals","0","2715","0","1","0.000000","0","0"
"/Engine/EngineMaterials/DefaultTextMaterialOpaque.DefaultTextMaterialOpaque","0","0","38","1","0.000000","0","0"
"/Engine/EngineMaterials/WorldGridMaterial.WorldGridMaterial","0","0","904","1","0.000000","0","0"
"/Engine/EngineMaterials/DefaultDeferredDecalMaterial.DefaultDeferredDecalMaterial","0","0","148","1","0.000000","0","0"
"/Engine/EngineMaterials/DefaultLightFunctionMaterial.DefaultLightFunctionMaterial","0","0","20","1","0.000000","0","0"
"/Engine/EngineMaterials/DefaultPostProcessMaterial.DefaultPostProcessMaterial","0","0","10","1","0.000000","0","0"
"/Engine/EngineMaterials/BaseFlattenMaterial.BaseFlattenMaterial","0","0","51","1","0.000000","0","0"
"/Engine/VREditor/TransformGizmo/Main.Main","0","0","10","1","0.000000","0","0"
"/Engine/VREditor/TransformGizmo/Xray.Xray","0","0","15","1","0.000000","0","0"
"/Engine/VREditor/TransformGizmo/TransformGizmoMaterial.TransformGizmoMaterial","0","0","4","1","0.000000","0","0"
"/Engine/VREditor/TransformGizmo/TranslucentTransformGizmoMaterial.TranslucentTransformGizmoMaterial","0","0","10","1","0.000000","0","0"
"/Engine/EngineDebugMaterials/WireframeMaterial.WireframeMaterial","0","0","623","1","0.000000","0","0"
"/Engine/EditorMaterials/Camera/CineMat.CineMat","0","0","27","1","0.000000","0","0"
"/Engine/EngineDebugMaterials/M_SimpleUnlitTranslucent.M_SimpleUnlitTranslucent","0","0","10","1","0.000000","0","0"
"/Paper2D/DefaultSpriteMaterial.DefaultSpriteMaterial","0","0","66","2","0.000000","0","0"
"/Game/Assets/StoreStuff/Materials/cupHolder_Mat.cupHolder_Mat","0","24","24","1","20.476234","0","0"
"/Engine/EditorMaterials/PreviewShadowIndicatorMaterial.PreviewShadowIndicatorMaterial","0","0","20","1","0.000000","0","0"
"/Game/Assets/StoreStuff/Materials/coffeeLid_Mat.coffeeLid_Mat","0","15","15","1","9.269435","0","0"
"/Game/Assets/StoreStuff/Materials/coffeeCup_Mat.coffeeCup_Mat","0","15","15","1","8.760378","0","0"
"/Engine/BasicShapes/BasicShapeMaterial.BasicShapeMaterial","0","0","68","1","0.000000","0","0"
"/Game/Assets/StoreStuff/Materials/coffee_Mat.coffee_Mat","0","15","15","1","8.412498","0","0"
"/Game/Assets/StoreStuff/Characters/Customer_One/skin.skin","0","39","39","1","19.381670","0","0"
"/Game/Assets/StoreStuff/Characters/Customer_One/shoes.shoes","0","39","39","1","19.146441","0","0"
"/Game/Assets/StoreStuff/Characters/Customer_One/shirt.shirt","0","39","39","1","20.183565","0","0"
"/Game/Assets/StoreStuff/Characters/Customer_One/pants.pants","0","39","39","1","21.293264","0","0"
"/Game/Assets/StoreStuff/Characters/Customer_One/hair.hair","0","39","39","1","19.203333","0","0"
"/Game/Assets/StoreStuff/Characters/Customer_One/eyes.eyes","0","39","39","1","18.761782","0","0"
"/Engine/EngineSky/M_Sky_Panning_Clouds2.M_Sky_Panning_Clouds2","0","0","4","1","0.000000","0","0"
"/Engine/EngineMaterials/DefaultMaterial.DefaultMaterial","0","0","128","1","0.000000","0","0"
"/Engine/EngineDebugMaterials/DebugEditorMaterial.DebugEditorMaterial","0","0","10","1","0.000000","0","0"
"/Game/Mannequin/Character/Materials/M_UE4Man_Body.M_UE4Man_Body","0","0","208","2","0.000000","0","0"
"/Engine/EngineDebugMaterials/M_VolumeRenderSphereTracePP.M_VolumeRenderSphereTracePP","0","0","6","1","0.000000","0","0"
"/OculusVR/Materials/OculusMR_WhiteMaterial.OculusMR_WhiteMaterial","0","0","10","1","0.000000","0","0"
"/OculusVR/Materials/OculusMR_ChromaKey.OculusMR_ChromaKey","0","0","10","1","0.000000","0","0"
"/OculusVR/Materials/OculusMR_ChromaKey_Lit.OculusMR_ChromaKey_Lit","0","0","31","1","0.000000","0","0"
"/OculusVR/Materials/OculusMR_OpaqueColoredMaterial.OculusMR_OpaqueColoredMaterial","0","0","4","1","0.000000","0","0"
"/Engine/EngineMaterials/RemoveSurfaceMaterial.RemoveSurfaceMaterial","0","0","4","1","0.000000","0","0"
"/Engine/EngineDebugMaterials/DebugMeshMaterial.DebugMeshMaterial","0","0","12","1","0.000000","0","0"
"/Engine/EngineMaterials/EmissiveMeshMaterial.EmissiveMeshMaterial","0","0","12","1","0.000000","0","0"
"/Engine/EngineMaterials/M_InvalidLightmapSettings.M_InvalidLightmapSettings","0","0","29","1","0.000000","0","0"
"/Engine/EngineMaterials/GizmoMaterial.GizmoMaterial","0","0","10","1","0.000000","0","0"
"/Engine/EngineMaterials/PhAT_JointLimitMaterial.PhAT_JointLimitMaterial","0","0","20","1","0.000000","0","0"
"/Game/Assets/StoreStuff/Apparel/Material_003.Material_003","0","24","24","1","13.436273","0","0"
"/Game/Assets/StoreStuff/Materials/1PmilkLabel.1PmilkLabel","0","29","29","1","14.210736","0","0"
"/Game/Assets/StoreStuff/Materials/animalCrackerLabel.animalCrackerLabel","0","29","29","1","14.161455","0","0"
"/Game/Assets/StoreStuff/Materials/apple.apple","0","29","29","1","14.269688","0","0"
"/Game/Assets/StoreStuff/Materials/appleStem.appleStem","0","29","29","1","13.846787","0","0"
"/Game/Assets/StoreStuff/Materials/banana_mat.banana_mat","0","24","24","1","13.219707","0","0"
"/Game/Assets/StoreStuff/Materials/banana_yellow.banana_yellow","0","29","29","1","14.041329","0","0"
"/Game/Assets/StoreStuff/Materials/base_mat_1.base_mat_1","0","39","39","1","18.649044","0","0"
"/Game/Assets/StoreStuff/Materials/beefStewWrapper.beefStewWrapper","0","29","29","1","14.222508","0","0"
"/Game/Assets/StoreStuff/Materials/blackBeanWrapper.blackBeanWrapper","0","29","29","1","14.179715","0","0"
"/Game/Assets/StoreStuff/Materials/bottleColor.bottleColor","0","29","29","1","13.921717","0","0"
"/Game/Assets/StoreStuff/Materials/bottleLabel.bottleLabel","0","29","29","1","14.427411","0","0"
"/Game/Assets/StoreStuff/Materials/box.box","0","29","29","1","13.769805","0","0"
"/Game/Assets/StoreStuff/Materials/brownStem.brownStem","0","29","29","1","13.870616","0","0"
"/Game/Assets/StoreStuff/Materials/can.can","0","29","29","1","14.024792","0","0"
"/Game/Assets/StoreStuff/Materials/chickenNoodle.chickenNoodle","0","29","29","1","14.503597","0","0"
"/Game/Assets/StoreStuff/Materials/chiliWrapper.chiliWrapper","0","29","29","1","14.375862","0","0"
"/Game/Assets/StoreStuff/Materials/chocolateCake.chocolateCake","0","29","29","1","14.106225","0","0"
"/Game/Assets/StoreStuff/Materials/cornWrapper.cornWrapper","0","29","29","1","14.471360","0","0"
"/Game/Assets/StoreStuff/Materials/firstFloor_mat.firstFloor_mat","0","24","24","1","13.680068","0","0"
"/Game/Assets/StoreStuff/Materials/fruityLoopPackage.fruityLoopPackage","0","29","29","1","14.125639","0","0"
"/Game/Assets/StoreStuff/Materials/grahamCrackerLabel.grahamCrackerLabel","0","29","29","1","14.379176","0","0"
"/Game/Assets/StoreStuff/Materials/grape1.grape1","0","29","29","1","13.986670","0","0"
"/Game/Assets/StoreStuff/Materials/grapeStem.grapeStem","0","29","29","1","13.989594","0","0"
"/Game/Assets/StoreStuff/Materials/greenOnion1.greenOnion1","0","29","29","1","14.251143","0","0"
"/Game/Assets/StoreStuff/Materials/greenOnion_White.greenOnion_White","0","29","29","1","15.051735","0","0"
"/Game/Assets/StoreStuff/Materials/honeyCirclesPackage.honeyCirclesPackage","0","29","29","1","15.494624","0","0"
"/Game/Assets/StoreStuff/Materials/iceCreamCones1.iceCreamCones1","0","29","29","1","15.578436","0","0"
"/Game/Assets/StoreStuff/Materials/jean.jean","0","15","15","1","8.315042","0","0"
"/Game/Assets/StoreStuff/Materials/leaf.leaf","0","29","29","1","14.967547","0","0"
"/Game/Assets/StoreStuff/Materials/leaf_mat_2.leaf_mat_2","0","24","24","1","14.538791","0","0"
"/Game/Assets/StoreStuff/Materials/lemonCake.lemonCake","0","29","29","1","14.918755","0","0"
"/Game/Assets/StoreStuff/Materials/lid.lid","0","29","29","1","14.028804","0","0"
"/Game/Assets/StoreStuff/Materials/mainSign_Frame_mat.mainSign_Frame_mat","0","24","24","1","13.262144","0","0"
"/Game/Assets/StoreStuff/Materials/Material.Material","0","48","48","1","24.217907","0","0"
"/Game/Assets/StoreStuff/Materials/Material4.Material4","0","39","39","1","18.751051","0","0"
"/Game/Assets/StoreStuff/Materials/Material_001.Material_001","0","24","24","1","13.435648","0","0"
"/Game/Assets/StoreStuff/Materials/Material_002.Material_002","0","15","15","1","7.915163","0","0"
"/Game/Assets/StoreStuff/Materials/Material_004.Material_004","0","24","24","1","13.363669","0","0"
"/Game/Assets/StoreStuff/Materials/mushroomWrapper.mushroomWrapper","0","29","29","1","14.323215","0","0"
"/Game/Assets/StoreStuff/Materials/oatsquaresPackaging.oatsquaresPackaging","0","29","29","1","14.748133","0","0"
"/Game/Assets/StoreStuff/Materials/pancakeMixPackage.pancakeMixPackage","0","29","29","1","14.896394","0","0"
"/Game/Assets/StoreStuff/Materials/pasta.pasta","0","29","29","1","14.392680","0","0"
"/Game/Assets/StoreStuff/Materials/pastaLabel.pastaLabel","0","29","29","1","14.467700","0","0"
"/Game/Assets/StoreStuff/Materials/pastaSauceLabel.pastaSauceLabel","0","29","29","1","14.318968","0","0"
"/Game/Assets/StoreStuff/Materials/peachWrapper.peachWrapper","0","29","29","1","14.390864","0","0"
"/Game/Assets/StoreStuff/Materials/potatoChip.potatoChip","0","29","29","1","14.381721","0","0"
"/Game/Assets/StoreStuff/Materials/potatoChip_S_V.potatoChip_S_V","0","29","29","1","14.241078","0","0"
"/Game/Assets/StoreStuff/Materials/potatoChipBBQ.potatoChipBBQ","0","29","29","1","14.341262","0","0"
"/Game/Assets/StoreStuff/Materials/potatoWrapper.potatoWrapper","0","29","29","1","14.256873","0","0"
"/Game/Assets/StoreStuff/Materials/rainbowCake.rainbowCake","0","29","29","1","14.322167","0","0"
"/Game/Assets/StoreStuff/Materials/redOnion1.redOnion1","0","29","29","1","13.948108","0","0"
"/Game/Assets/StoreStuff/Materials/refriedBeans1.refriedBeans1","0","29","29","1","14.450232","0","0"
"/Game/Assets/StoreStuff/Materials/riceCrackersLabel.riceCrackersLabel","0","29","29","1","14.360934","0","0"
"/Game/Assets/StoreStuff/Materials/salsa1.salsa1","0","29","29","1","14.228099","0","0"
"/Game/Assets/StoreStuff/Materials/salsaLabel.salsaLabel","0","29","29","1","14.458433","0","0"
"/Game/Assets/StoreStuff/Materials/saltineCracker_mat.saltineCracker_mat","0","29","29","1","14.236062","0","0"
"/Game/Assets/StoreStuff/Materials/sauceLid.sauceLid","0","29","29","1","14.022131","0","0"
"/Game/Assets/StoreStuff/Materials/sign_yellow.sign_yellow","0","24","24","1","13.336140","0","0"
"/Game/Assets/StoreStuff/Materials/skimMilk.skimMilk","0","29","29","1","14.243965","0","0"
"/Game/Assets/StoreStuff/Materials/soupWrapper.soupWrapper","0","29","29","1","14.070776","0","0"
"/Game/Assets/StoreStuff/Materials/stem.stem","0","29","29","1","14.271584","0","0"
"/Game/Assets/StoreStuff/Materials/strawberryCake.strawberryCake","0","29","29","1","14.533286","0","0"
"/Game/Assets/StoreStuff/Materials/tomato1.tomato1","0","29","29","1","14.717790","0","0"
"/Game/Assets/StoreStuff/Materials/tomatoSoupLabel.tomatoSoupLabel","0","29","29","1","15.021630","0","0"
"/Game/Assets/StoreStuff/Materials/tortillaChipLabel.tortillaChipLabel","0","29","29","1","14.315440","0","0"
"/Game/Assets/StoreStuff/Materials/vanillaCakeMix1.vanillaCakeMix1","0","29","29","1","14.304525","0","0"
"/Game/Assets/StoreStuff/Materials/waterBiscuitLabel.waterBiscuitLabel","0","29","29","1","14.250392","0","0"
"/Game/Assets/StoreStuff/Materials/wheatCracker_mat.wheatCracker_mat","0","29","29","1","14.253765","0","0"
"/Game/Assets/StoreStuff/Materials/wholeMilk.wholeMilk","0","29","29","1","14.220437","0","0"
"/Game/Assets/StoreStuff/Materials/wholeWheatPackaging.wholeWheatPackaging","0","29","29","1","14.569047","0","0"
"/Game/Assets/StoreStuff/Materials/woodMaterial.woodMaterial","0","24","24","1","14.252780","0","0"
"/Game/Assets/StoreStuff/Pictures/SLC_stairway_Mat.SLC_stairway_Mat","0","24","24","1","14.907818","0","0"
"/Game/Assets/StoreStuff/Pictures/Village_Pic_Mat.Village_Pic_Mat","0","24","24","1","14.763989","0","0"
"/Game/Assets/StoreStuff/Produce/consoleMat.consoleMat","0","15","15","1","7.860690","0","0"
"/Game/Assets/StoreStuff/Produce/ProduceMaterials/band.band","0","29","29","1","13.994504","0","0"
"/Game/Assets/StoreStuff/Produce/ProduceMaterials/broc_mat.broc_mat","0","29","29","1","13.839692","0","0"
"/Game/Assets/StoreStuff/Produce/ProduceMaterials/broc_stem.broc_stem","0","29","29","1","14.002203","0","0"
"/Game/Assets/StoreStuff/Produce/ProduceMaterials/c_stem.c_stem","0","29","29","1","13.940724","0","0"
"/Game/Assets/StoreStuff/Produce/ProduceMaterials/carrot.carrot","0","29","29","1","14.101336","0","0"
"/Game/Assets/StoreStuff/Produce/ProduceMaterials/cucumber1.cucumber1","0","29","29","1","13.945804","0","0"
"/Game/Assets/StoreStuff/Produce/ProduceMaterials/leaf.leaf","0","29","29","1","13.958432","0","0"
"/Game/Assets/StoreStuff/Produce/ProduceMaterials/Material_001.Material_001","0","29","29","1","14.213399","0","0"
"/Game/Assets/StoreStuff/Produce/ProduceMaterials/Material_002.Material_002","0","47","47","1","23.925741","0","0"
"/Game/Assets/StoreStuff/Produce/ProduceMaterials/orange1.orange1","0","29","29","1","13.842977","0","0"
"/Game/Assets/StoreStuff/Produce/ProduceMaterials/orangeStem.orangeStem","0","29","29","1","13.915477","0","0"
"/Game/Assets/StoreStuff/Produce/ProduceMaterials/pear1.pear1","0","29","29","1","14.310624","0","0"
"/Game/Assets/StoreStuff/Produce/ProduceMaterials/pearStem.pearStem","0","29","29","1","14.072888","0","0"
"/Game/Assets/StoreStuff/Produce/ProduceMaterials/potato_mat.potato_mat","0","29","29","1","14.068193","0","0"
"/Game/Assets/StoreStuff/Produce/ProduceMaterials/redApple1.redApple1","0","29","29","1","14.406913","0","0"
"/Game/Assets/StoreStuff/Produce/ProduceMaterials/strawberry_mat.strawberry_mat","0","29","29","1","14.749101","0","0"
"/Game/Assets/StoreStuff/Produce/ProduceMaterials/yellowApple1.yellowApple1","0","29","29","1","14.109019","0","0"
"/Game/Assets/StoreStuff/Textures/grassTexture_Mat.grassTexture_Mat","0","15","15","1","7.939977","0","0"
"/Game/Assets/StoreStuff/Textures/wood-floor-texture-14_Mat.wood-floor-texture-14_Mat","0","15","15","1","7.801483","0","0"
"/Game/Geometry/Meshes/CubeMaterial.CubeMaterial","0","48","48","1","25.338512","0","0"
"/Game/ThirdPerson/Meshes/RampMaterial.RampMaterial","0","0","24","1","0.000000","0","0"
"/Game/Assets/StoreStuff/Materials/cinderblock.cinderblock","0","39","39","1","18.979313","0","0"
"/Game/Assets/StoreStuff/Materials/saleSign_brown.saleSign_brown","0","24","24","1","13.700993","0","0"
"/Game/Assets/StoreStuff/Materials/saleSign_yellow.saleSign_yellow","0","24","24","1","13.513256","0","0"
"/Game/Assets/StoreStuff/Materials/wood-for-desk.wood-for-desk","0","24","24","1","13.462038","0","0"
"/Game/Assets/StoreStuff/Materials/hanger_mat.hanger_mat","0","24","24","1","13.338049","0","0"
"/Game/Assets/StoreStuff/Materials/shirt_mat.shirt_mat","0","24","24","1","13.558784","0","0"
"/Game/Assets/StoreStuff/Apparel/mannePants_mat.mannePants_mat","0","39","39","1","18.800753","0","0"
"/Game/Assets/StoreStuff/Materials/manneShirt_pink.manneShirt_pink","0","39","39","1","18.554071","0","0"
"/Game/Assets/StoreStuff/Materials/manneShirt_green.manneShirt_green","0","39","39","1","18.696011","0","0"
"/Game/Assets/StoreStuff/Materials/manneShirt_blue.manneShirt_blue","0","39","39","1","18.647015","0","0"
"/Game/Assets/StoreStuff/Materials/eyes.eyes","0","39","39","1","18.809351","0","0"
"/Game/Assets/StoreStuff/Materials/pants.pants","0","39","39","1","18.440363","0","0"
"/Game/Assets/StoreStuff/Materials/skin.skin","0","39","39","1","18.415348","0","0"
"/Game/Assets/StoreStuff/Materials/vest.vest","0","39","39","1","18.484116","0","0"
"/Game/Assets/StoreStuff/Materials/vest_2.vest_2","0","39","39","1","18.452286","0","0"
"/Game/Assets/StoreStuff/Characters/PinkCustomer/eyes.eyes","0","39","39","1","18.576433","0","0"
"/Game/Assets/StoreStuff/Characters/PinkCustomer/hair.hair","0","39","39","1","18.556629","0","0"
"/Game/Assets/StoreStuff/Characters/PinkCustomer/pants.pants","0","39","39","1","18.534618","0","0"
"/Game/Assets/StoreStuff/Characters/PinkCustomer/shirt.shirt","0","39","39","1","18.684910","0","0"
"/Game/Assets/StoreStuff/Characters/PinkCustomer/shoes.shoes","0","39","39","1","19.061954","0","0"
"/Game/Assets/StoreStuff/Characters/PinkCustomer/skin.skin","0","39","39","1","20.856276","0","0"
"/Game/Assets/StoreStuff/Materials/baseColor.baseColor","0","24","24","1","15.655854","0","0"
"/Game/Assets/StoreStuff/Materials/Material1.Material1","0","24","24","1","14.937120","0","0"
"/Game/Assets/StoreStuff/Materials/Material_005.Material_005","0","24","24","1","14.620623","0","0"
"/Game/Assets/StoreStuff/Materials/miniScreenGlow.miniScreenGlow","0","24","24","1","13.677354","0","0"
"/Game/Assets/StoreStuff/Materials/register.register","0","15","15","1","7.967918","0","0"
"/Game/Assets/StoreStuff/Materials/screenGlow.screenGlow","0","24","24","1","13.359556","0","0"
"/Game/Assets/StoreStuff/Apparel/table_metal.table_metal","0","24","24","1","13.301787","0","0"
"/Game/Assets/StoreStuff/Apparel/table_center.table_center","0","24","24","1","13.166440","0","0"
"/Game/Assets/StoreStuff/Materials/freezer_blue.freezer_blue","0","15","15","1","7.707894","0","0"
"/Game/Assets/StoreStuff/Materials/hinge.hinge","0","15","15","1","7.768558","0","0"
"/Game/Assets/StoreStuff/Materials/shelf1.shelf1","0","15","15","1","7.649764","0","0"
"/Game/Assets/StoreStuff/Produce/backlight.backlight","0","15","15","1","7.687220","0","0"
"/Game/Assets/StoreStuff/Produce/firstCube.firstCube","0","15","15","1","7.615785","0","0"
"/Game/Assets/StoreStuff/Materials/innerProduceTable.innerProduceTable","0","24","24","1","13.356663","0","0"
"/Game/Assets/StoreStuff/Materials/cabinet.cabinet","0","15","15","1","7.736454","0","0"
"/Game/Assets/StoreStuff/Materials/cold.cold","0","15","15","1","7.797380","0","0"
"/Game/Assets/StoreStuff/Materials/counter.counter","0","15","15","1","7.697204","0","0"
"/Game/Assets/StoreStuff/Materials/hot.hot","0","15","15","1","7.819108","0","0"
"/Game/Assets/StoreStuff/Materials/sink1.sink1","0","15","15","1","7.721728","0","0"
"/Game/Assets/StoreStuff/Materials/tv_base.tv_base","0","24","24","1","13.391668","0","0"
"/Game/Assets/StoreStuff/Misc/TVGlow.TVGlow","0","24","24","1","13.162404","0","24"
"/Game/Assets/StoreStuff/Materials/green.green","0","15","15","1","7.742564","0","0"
"/Game/Assets/StoreStuff/Materials/leaf_mat_001.leaf_mat_001","0","24","24","1","13.831509","0","0"
"/Game/Assets/StoreStuff/Materials/trunk_mat.trunk_mat","0","24","24","1","13.551069","0","0"
"/Game/Assets/StoreStuff/Materials/20_off_label.20_off_label","0","15","15","1","7.924328","0","0"
"/Game/Assets/StoreStuff/Materials/bakedSign.bakedSign","0","15","15","1","7.848746","0","0"
"/Game/Assets/StoreStuff/Materials/mainSign_mat.mainSign_mat","0","24","24","1","13.571957","0","0"
"/Game/Assets/StoreStuff/Materials/Material2.Material2","0","24","24","1","13.528541","0","0"
"/Game/Assets/StoreStuff/Materials/signHanger_mat.signHanger_mat","0","24","24","1","13.279246","0","0"
"/Game/Assets/StoreStuff/Materials/text_mat.text_mat","0","24","24","1","13.419833","0","0"
"/Game/Assets/StoreStuff/Materials/text_mat_001.text_mat_001","0","24","24","1","13.612867","0","0"
"/Game/Assets/StoreStuff/Materials/frozenSign_mat.frozenSign_mat","0","15","15","1","8.067750","0","0"
"/Game/Assets/StoreStuff/Misc/Signs/toppings_mat.toppings_mat","0","15","15","1","8.122737","0","0"
"/Game/Assets/StoreStuff/Materials/leaf_sign.leaf_sign","0","15","15","1","7.885746","0","0"
"/Game/Assets/StoreStuff/Materials/peach.peach","0","15","15","1","7.693789","0","0"
"/Game/Assets/StoreStuff/Produce/ProduceMaterials/canaryMelon1.canaryMelon1","0","15","15","1","7.716685","0","0"
"/Game/Assets/StoreStuff/Produce/ProduceMaterials/canteloupe_mat.canteloupe_mat","0","15","15","1","7.669724","0","0"
"/Game/Assets/StoreStuff/Produce/ProduceMaterials/green.green","0","15","15","1","7.870155","0","0"
"/Game/Assets/StoreStuff/Produce/ProduceMaterials/radish.radish","0","15","15","1","8.014010","0","0"
"/Game/Assets/StoreStuff/Produce/ProduceMaterials/green_pepper_mat.green_pepper_mat","0","15","15","1","8.727896","0","0"
"/Game/Assets/StoreStuff/Produce/ProduceMaterials/stem_mat.stem_mat","0","15","15","1","8.758271","0","0"
"/Game/Assets/StoreStuff/Produce/ProduceMaterials/mango_mat.mango_mat","0","15","15","1","8.471006","0","0"
"/Game/Assets/StoreStuff/Produce/ProduceMaterials/mango_stem.mango_stem","0","15","15","1","7.704546","0","0"
"/Game/Assets/StoreStuff/Produce/ProduceMaterials/orange_pepper_mat.orange_pepper_mat","0","15","15","1","7.752883","0","0"
"/Game/Assets/StoreStuff/Produce/ProduceMaterials/red_pepper_mat.red_pepper_mat","0","15","15","1","7.862683","0","0"
"/Game/Assets/StoreStuff/Produce/ProduceMaterials/yellow_pepper_mat.yellow_pepper_mat","0","15","15","1","7.739924","0","0"
"/Game/StarterContent/Props/Materials/M_Frame.M_Frame","0","0","24","1","0.000000","0","0"
"/Game/StarterContent/Particles/Materials/M_Dust_Particle.M_Dust_Particle","0","0","115","1","0.000000","0","0"
"/Game/StarterContent/Materials/M_Basic_Wall.M_Basic_Wall","0","0","24","1","0.000000","0","0"
"/Game/StarterContent/Materials/M_Basic_Floor.M_Basic_Floor","0","0","24","1","0.000000","0","0"
"/Game/StarterContent/Props/Materials/M_Chair.M_Chair","0","0","24","1","0.000000","0","0"
"/Game/StarterContent/Materials/M_Wood_Walnut.M_Wood_Walnut","0","0","24","1","0.000000","0","0"
"/Game/StarterContent/Materials/M_Wood_Pine.M_Wood_Pine","0","0","24","1","0.000000","0","0"
"/Game/StarterContent/Materials/M_Wood_Oak.M_Wood_Oak","0","0","24","1","0.000000","0","0"
"/Game/StarterContent/Materials/M_Wood_Floor_Walnut_Worn.M_Wood_Floor_Walnut_Worn","0","0","24","1","0.000000","0","0"
"/Game/StarterContent/Materials/M_Wood_Floor_Walnut_Polished.M_Wood_Floor_Walnut_Polished","0","0","24","1","0.000000","0","0"
"/Game/StarterContent/Materials/M_Water_Ocean.M_Water_Ocean","0","0","24","1","0.000000","0","0"
"/Game/StarterContent/Materials/M_Water_Lake.M_Water_Lake","0","0","24","1","0.000000","0","0"
"/Game/StarterContent/Materials/M_Tech_Panel.M_Tech_Panel","0","0","24","1","0.000000","0","0"
"/Game/StarterContent/Materials/M_Tech_Hex_Tile_Pulse.M_Tech_Hex_Tile_Pulse","0","0","24","1","0.000000","0","0"
"/Game/StarterContent/Materials/M_Tech_Hex_Tile.M_Tech_Hex_Tile","0","0","24","1","0.000000","0","0"
"/Game/StarterContent/Materials/M_Tech_Checker_Dot.M_Tech_Checker_Dot","0","0","24","1","0.000000","0","0"
"/Game/StarterContent/Materials/M_Rock_Slate.M_Rock_Slate","0","0","24","1","0.000000","0","0"
"/Game/StarterContent/Materials/M_Rock_Sandstone.M_Rock_Sandstone","0","0","24","1","0.000000","0","0"
"/Game/StarterContent/Materials/M_Rock_Marble_Polished.M_Rock_Marble_Polished","0","0","24","1","0.000000","0","0"
"/Game/StarterContent/Materials/M_Rock_Basalt.M_Rock_Basalt","0","0","24","1","0.000000","0","0"
"/Game/StarterContent/Materials/M_Metal_Steel.M_Metal_Steel","0","0","24","1","0.000000","0","0"
"/Game/StarterContent/Materials/M_Metal_Rust.M_Metal_Rust","0","0","24","1","0.000000","0","0"
"/Game/StarterContent/Materials/M_Metal_Gold.M_Metal_Gold","0","0","24","1","0.000000","0","0"
"/Game/StarterContent/Materials/M_Metal_Copper.M_Metal_Copper","0","0","24","1","0.000000","0","0"
"/Game/StarterContent/Materials/M_Metal_Chrome.M_Metal_Chrome","0","0","24","1","0.000000","0","0"
"/Game/StarterContent/Materials/M_Metal_Burnished_Steel.M_Metal_Burnished_Steel","0","0","24","1","0.000000","0","0"
"/Game/StarterContent/Materials/M_Metal_Brushed_Nickel.M_Metal_Brushed_Nickel","0","0","24","1","0.000000","0","0"
"/Game/StarterContent/Materials/M_Ground_Moss.M_Ground_Moss","0","0","24","1","0.000000","0","0"
"/Game/StarterContent/Materials/M_Ground_Gravel.M_Ground_Gravel","0","0","24","1","0.000000","0","0"
"/Game/StarterContent/Materials/M_Ground_Grass.M_Ground_Grass","0","0","24","1","0.000000","0","0"
"/Game/StarterContent/Materials/M_Concrete_Tiles.M_Concrete_Tiles","0","0","24","1","0.000000","0","0"
"/Game/StarterContent/Materials/M_Concrete_Poured.M_Concrete_Poured","0","0","24","1","0.000000","0","0"
"/Game/StarterContent/Materials/M_Concrete_Panels.M_Concrete_Panels","0","0","24","1","0.000000","0","0"
"/Game/StarterContent/Materials/M_Concrete_Grime.M_Concrete_Grime","0","0","24","1","0.000000","0","0"
"/Game/StarterContent/Materials/M_CobbleStone_Smooth.M_CobbleStone_Smooth","0","0","24","1","0.000000","0","0"
"/Engine/EditorMeshes/ColorCalibrator/M_GreyBall.M_GreyBall","0","0","24","1","0.000000","0","0"
"/Engine/EditorMeshes/ColorCalibrator/M_ColorGrid.M_ColorGrid","0","0","24","1","0.000000","0","0"
"/Engine/EditorMeshes/ColorCalibrator/M_ClearCoatBlack.M_ClearCoatBlack","0","0","24","1","0.000000","0","0"
"/Engine/EditorMeshes/ColorCalibrator/M_ClearCoat.M_ClearCoat","0","0","24","1","0.000000","0","0"
"/Engine/EditorMeshes/ColorCalibrator/M_ChromeBall.M_ChromeBall","0","0","48","1","0.000000","0","0"
"/Game/StarterContent/Materials/M_AssetPlatform.M_AssetPlatform","0","0","24","1","0.000000","0","0"
"/Engine/EditorMaterials/Thumbnails/SkySphereMaterial.SkySphereMaterial","0","0","4","1","0.000000","0","0"
"/Game/StarterContent/Blueprints/Assets/M_LightStage_Skybox_Master.M_LightStage_Skybox_Master","0","0","8","2","0.000000","0","0"
"/Game/StarterContent/Blueprints/Assets/M_LightStage_Arrows.M_LightStage_Arrows","0","0","4","1","0.000000","0","0"
"/Game/StarterContent/Materials/M_CobbleStone_Rough.M_CobbleStone_Rough","0","0","24","1","0.000000","0","0"
"/Game/StarterContent/Materials/M_CobbleStone_Pebble.M_CobbleStone_Pebble","0","0","24","1","0.000000","0","0"
"/Game/StarterContent/Materials/M_Ceramic_Tile_Checker.M_Ceramic_Tile_Checker","0","0","24","1","0.000000","0","0"
"/Game/StarterContent/Materials/M_Brick_Hewn_Stone.M_Brick_Hewn_Stone","0","0","24","1","0.000000","0","0"
"/Game/StarterContent/Materials/M_Brick_Cut_Stone.M_Brick_Cut_Stone","0","0","24","1","0.000000","0","0"
"/Game/StarterContent/Materials/M_Brick_Clay_Old.M_Brick_Clay_Old","0","0","24","1","0.000000","0","0"
"/Game/StarterContent/Materials/M_Brick_Clay_New.M_Brick_Clay_New","0","0","24","1","0.000000","0","0"
"/Game/StarterContent/Materials/M_Brick_Clay_Beveled.M_Brick_Clay_Beveled","0","0","24","1","0.000000","0","0"
"/Engine/EngineMaterials/AntiAliasedTextMaterialTranslucent.AntiAliasedTextMaterialTranslucent","0","0","33","1","0.000000","0","0"
"/Game/StarterContent/Props/Materials/M_Lamp.M_Lamp","0","0","24","1","0.000000","0","0"
"/Game/StarterContent/Particles/Materials/M_Spark.M_Spark","0","0","26","1","0.000000","0","0"
"/Game/StarterContent/Particles/Materials/M_smoke_subUV.M_smoke_subUV","0","0","87","1","0.000000","0","0"
"/Game/StarterContent/Particles/Materials/M_Radial_Gradient.M_Radial_Gradient","0","0","34","1","0.000000","0","0"
"/Game/StarterContent/Particles/Materials/M_Heat_Distortion.M_Heat_Distortion","0","0","38","1","0.000000","0","0"
"/Game/StarterContent/Particles/Materials/M_Fire_SubUV.M_Fire_SubUV","0","0","26","1","0.000000","0","0"
"/Game/StarterContent/Props/Materials/M_TableRound.M_TableRound","0","0","24","1","0.000000","0","0"
"/Game/StarterContent/Props/Materials/M_StatueGlass.M_StatueGlass","0","0","45","1","0.000000","0","0"
"/Game/StarterContent/Props/Materials/M_Statue.M_Statue","0","0","24","1","0.000000","0","0"
"/Game/StarterContent/Materials/M_Glass.M_Glass","0","0","45","1","0.000000","0","0"
"/Game/StarterContent/Props/Materials/M_Bush.M_Bush","0","0","51","1","0.000000","0","0"
"/Game/StarterContent/Props/Materials/M_Door.M_Door","0","0","24","1","0.000000","0","0"
"/Game/StarterContent/Props/Materials/M_MaterialSphere.M_MaterialSphere","0","0","15","1","0.000000","0","0"
"/Game/StarterContent/Props/Materials/M_MaterialSphere_Plain.M_MaterialSphere_Plain","0","0","15","1","0.000000","0","0"
"/Game/StarterContent/Props/Materials/M_Rock.M_Rock","0","0","24","1","0.000000","0","0"
"/Game/StarterContent/Props/Materials/M_Shelf.M_Shelf","0","0","24","1","0.000000","0","0"
"/Game/StarterContent/Materials/M_ColorGrid_LowSpec.M_ColorGrid_LowSpec","0","0","24","1","0.000000","0","0"
"/Game/StarterContent/Particles/Materials/M_Burst.M_Burst","0","0","32","1","0.000000","0","0"
"/Game/StarterContent/Particles/Materials/M_explosion_subUV.M_explosion_subUV","0","0","26","1","0.000000","0","0"
"/Game/StarterContent/Particles/Materials/m_flare_01.m_flare_01","0","0","34","1","0.000000","0","0"
"/Game/StarterContent/Particles/Materials/M_radial_ramp.M_radial_ramp","0","0","34","1","0.000000","0","0"
"/Game/Assets/StoreStuff/Produce/ProduceMaterials/leafStem.leafStem","0","15","15","1","8.108034","0","0"
"/Game/Assets/StoreStuff/Produce/ProduceMaterials/lettuceCenter.lettuceCenter","0","15","15","1","7.729958","0","0"
"/Game/Assets/StoreStuff/Produce/ProduceMaterials/lettuceLeaf.lettuceLeaf","0","15","15","1","7.376558","0","0"
"/Game/Assets/StoreStuff/Pictures/LA_Pic_Mat.LA_Pic_Mat","0","15","15","1","8.328658","0","0"
"/Game/Assets/StoreStuff/Materials/cheeseWrapper_Mat.cheeseWrapper_Mat","0","15","15","1","7.411693","0","0"
"/Game/Assets/StoreStuff/Materials/Material_003.Material_003","0","15","15","1","7.031092","0","0"
"/Game/Assets/StoreStuff/Materials/tomatoSoupPackaging.tomatoSoupPackaging","0","15","15","1","7.895697","0","0"
"/Game/Assets/StoreStuff/Materials/trunk_mat_2.trunk_mat_2","0","15","15","1","7.292178","0","0"
"/Game/Assets/StoreStuff/Materials/blackMat.blackMat","0","15","15","1","7.713706","0","0"
"/Game/Assets/StoreStuff/Materials/Material3.Material3","0","15","15","1","7.405407","0","0"
"/Game/Assets/StoreStuff/Characters/BlueCustomer/shoes.shoes","0","39","39","1","18.239412","0","0"
"/Game/Assets/StoreStuff/Characters/BlueCustomer/skin.skin","0","39","39","1","18.159388","0","0"
"/Game/Assets/StoreStuff/Characters/BlueCustomer/eyes.eyes","0","39","39","1","18.789351","0","0"
"/Game/Assets/StoreStuff/Characters/BlueCustomer/pants.pants","0","39","39","1","18.668644","0","0"
"/Game/Assets/StoreStuff/Characters/BlueCustomer/shirt.shirt","0","39","39","1","18.333313","0","0"
"/Game/Assets/StoreStuff/Characters/BlueCustomer/hair.hair","0","39","39","1","18.730358","0","0"
"/Game/Assets/StoreStuff/Apparel/Material_002.Material_002","0","15","15","1","7.173132","0","0"
"/Game/Assets/StoreStuff/Apparel/Material.Material","0","15","15","1","7.802068","0","0"
"/Game/Assets/StoreStuff/Apparel/Material_001.Material_001","0","15","15","1","7.336174","0","0"
